MT_seq	ddG_latent_pred	solubility_latent_pred	gen_input_seq	PDB	Chain	Start_index	WT_seq	repeated_gen	in_train_data_gen
STIEEQAKTFLDKFNHEAEDLFYQSSLASWNYNTNITEENLQNMNKAFDLWSKFLAEMQTLAQMYPLQEIQNLTVKLQLQALQ	-14.019927024841309		STIEEQAKTFLDKFNHEAEDLFYQSSLASWNYNTNITEENQQNMNNALDKWSAFLKEQSTLAQMYPLQEIQNLTVKLQLQALQ	template2.pdb	A	19	STIEEQAKTFLDKFNHEAEDLFYQSSLASWNYNTNITEENVQNMNNAGDKWSAFLKEQSTLAQMYPLQEIQNLTVKLQLQALQ	False	False
STIEEQAKLFLEKFNHEAEDLFYQSSLLSWNYNTNITEENLQNMNKAGDLWSAFLKEMSTLAQMYPLQEIQNLTVKLMLQALQ	-14.000080108642578		STIEEQAKTFLDKFNHEAEDLFYQSSLLSWNYNTNITEENVQNMNNAGDKWSAFLKEQSTLAQMYPLQEIQNLTVKLMLQALQ	template2.pdb	A	19	STIEEQAKTFLDKFNHEAEDLFYQSSLASWNYNTNITEENVQNMNNAGDKWSAFLKEQSTLAQMYPLQEIQNLTVKLQLQALQ	False	False
STIEEMAKTFLEKFNHEAEDLFYQSSLASWNYNTNITEENVQNMNLAGMKWSAFLKEMSTLAQMYPLQEIQNLKVKLQLQALQ	-13.999610900878906		STIEEQAKTFLAKFNHEAEDLFYQSSLASWNYNTNITEENVQNMNNAGDMWSAFLKEQSTLAQMYPLQEIQNLKVKLQLQALQ	template2.pdb	A	19	STIEEQAKTFLDKFNHEAEDLFYQSSLASWNYNTNITEENVQNMNNAGDKWSAFLKEQSTLAQMYPLQEIQNLTVKLQLQALQ	False	False
STIEEQAKMFLDKFNHEAEDLFYQSSLAMWNYNTNITEENVQAMNNAYDKWSAFLKEMSTLAQMYPLQEIQNLTVKLELQMLQ	-13.994854927062988		STIEEQAKMFLDKFNHEAEDLFYQSSLAYWNYNTNITEENVQNMNNAGDKWSAFMKEQSTLAQMYPLQEIQNLTVKLQLQALQ	template2.pdb	A	19	STIEEQAKTFLDKFNHEAEDLFYQSSLASWNYNTNITEENVQNMNNAGDKWSAFLKEQSTLAQMYPLQEIQNLTVKLQLQALQ	False	False
STIEEMAKIFLDKFNHEAEDLFYQSLLASWKYNTNITEENVQNMNNAGDKWSAFLKEQLTLAQMYPLQEIQNLTVKLQLQALM	-13.988024711608888		STIEEQAKMFLDKFNHEAEDYFYQSSLASWNYNTNITEENVQNMNNAGDKWSAFLKEQQTLALMYPLQEIQNLTVKLQLQALQ	template2.pdb	A	19	STIEEQAKTFLDKFNHEAEDLFYQSSLASWNYNTNITEENVQNMNNAGDKWSAFLKEQSTLAQMYPLQEIQNLTVKLQLQALQ	False	False
STIEELAKMFLDKFNHEAEDLFYQSLLASWNYNTNITEENVLNMNNAQDKWSAFLKEMSTLAQMYPLQEIQNLTVKLQLQALQ	-13.9877347946167		STIEELAKTFLDKFNHEAEDLFYQSSLASWNYNTNITEENVQNMNNALDKWSAFLKESSTLAQMYPLQEIQNLTVKLQLQALQ	template2.pdb	A	19	STIEEQAKTFLDKFNHEAEDLFYQSSLASWNYNTNITEENVQNMNNAGDKWSAFLKEQSTLAQMYPLQEIQNLTVKLQLQALQ	False	False
STIEELAKTFLDMFNHEAEDLFYQSMLASWNYNTNITEENIQNMNNAKDKWSAFLKMQSELAQMYPLQEIQNLTVKLMLQALQ	-13.969419479370115		STIEEQAKTFLDFFNHEAEDLFYQSSLASWNYNTNITEENDQNMNNAMKKWSAFLKEQSTLAQMYPLQEIQNLTVKLQLQALQ	template2.pdb	A	19	STIEEQAKTFLDKFNHEAEDLFYQSSLASWNYNTNITEENVQNMNNAGDKWSAFLKEQSTLAQMYPLQEIQNLTVKLQLQALQ	False	False
STIEEQAKTFLDKFNHEAEDLFYQSSLRAWNYNTNITEENMQNMNFAGAKWSKFLQEMSTLAQMYPLQEIQNLTVKLQLQALQ	-13.957018852233888		STIEEQAKTFLDKFNHEAEDLFYQSSLRSWNYNTNITEENVQNMNMAGDKWSAFLKEQSTLAQMYPLQEIQNLTVKLQLQALQ	template2.pdb	A	19	STIEEQAKTFLDKFNHEAEDLFYQSSLASWNYNTNITEENVQNMNNAGDKWSAFLKEQSTLAQMYPLQEIQNLTVKLQLQALQ	False	False
SDIEEKAKTFLDKFNHEAEDLFYQSSLASWNYNTNITEENVQNMNYAGDKWSAFLKEISTLAQMYPLQEIQNLTVKLQLQALM	-13.956279754638672		SDIEEQAKSFLDKFNHEAEDLFYQSSLASWNYNTNITEENVQNMNNFGDKWSAFLKELSTLAQMYPLQEIQNLTVKLQLQALI	template2.pdb	A	19	STIEEQAKTFLDKFNHEAEDLFYQSSLASWNYNTNITEENVQNMNNAGDKWSAFLKEQSTLAQMYPLQEIQNLTVKLQLQALQ	False	False
STLEEMAKTFLDKFNHEAEDLFYQSSLASWNYNTNITEENVQNMNNAKDLWSAFLKEQSTLAQMYPLKEIQNLTVKLQLQALM	-13.952882766723633		STIEEQAKTFLDKFNHEAEDLFYQSSLASWNYNTNITEENVQNMNNAWDKWSAFLKEQSTLAQMYPLQEIQNLTVKLQLQALK	template2.pdb	A	19	STIEEQAKTFLDKFNHEAEDLFYQSSLASWNYNTNITEENVQNMNNAGDKWSAFLKEQSTLAQMYPLQEIQNLTVKLQLQALQ	False	False
STLEEQAKIFLDKFNHEAEDLFYQSALKSWNYNTNITEENVQNMNNKGDLWSAFLKEMSTLAQMYPLQEIQNLWVKLQLQALQ	-14.08602237701416		STIEEQAKTFLDKFNHEAEDLFYQSSLASWNYNTNITEENVQNMNNRGDKWSAFLKELSTLAQMYPLQEIQNLWVKLQLQALQ	template2.pdb	A	19	STIEEQAKTFLDKFNHEAEDLFYQSSLASWNYNTNITEENVQNMNNAGDKWSAFLKEQSTLAQMYPLQEIQNLTVKLQLQALQ	False	False
STIEEQAKTFLDKFNHEAEDLFYQSSLAQWNYNTNITEENVQNMNNLKDKWSAFLKEMSYLAQMYPLQEIQNLTVKLQLQALQ	-14.01878261566162		STIEEQAKTFLDKFNHEAQDLFYQSSLASWNYNTNITEENVQNMNNYKDKWSAFLKEMSFLAQMYPLQEIQNLTVKLQLQALQ	template2.pdb	A	19	STIEEQAKTFLDKFNHEAEDLFYQSSLASWNYNTNITEENVQNMNNAGDKWSAFLKEQSTLAQMYPLQEIQNLTVKLQLQALQ	False	False
STIEEQAKTFLLKFNHEAEDLFYQSSLASWNYNTNITEENLQNMNNLGDKWSAFLKEMSTLAQMYPLQEIQNLTVKLQLQALL	-14.014639854431152		STIEEQAKTFLLKFNHEAEDLFYQSSLASWNYNTNITEENVQNMNNAGDKWSAFLKESSTLAQMYPLQEIQNLTVKLQLQALQ	template2.pdb	A	19	STIEEQAKTFLDKFNHEAEDLFYQSSLASWNYNTNITEENVQNMNNAGDKWSAFLKEQSTLAQMYPLQEIQNLTVKLQLQALQ	False	False
STIEEQAKTFLEKFNHEAEDLFYQSSLASWNYNTNITEENVQNMNNALEKWSAFLKEMSTLAQMYPLQEIQNLTVKLQLQALQ	-13.97775173187256		STIEEQAKTFLDKFNHEAEDLFYQSSEASWNYNTNITEENVQNMNNALDKWSAFLKEQSTLAQMYPLQEIQNLTVKLQLQALQ	template2.pdb	A	19	STIEEQAKTFLDKFNHEAEDLFYQSSLASWNYNTNITEENVQNMNNAGDKWSAFLKEQSTLAQMYPLQEIQNLTVKLQLQALQ	False	False
STIEERAKWFLDKFNHEAEDLFYQSSLAKWNYNTNITEENVQNMNRAGDKWSAFLKEMSTLAQMYPLQEIQNLTVKLMLQAML	-13.974496841430664		STIEEQAKRFLDKFNHEAEDLFYQSSLASWNYNTNITEENVQNMNNAGDKWSAFLKEQSTLAQMYPLQEIQNLTVKLMLQALQ	template2.pdb	A	19	STIEEQAKTFLDKFNHEAEDLFYQSSLASWNYNTNITEENVQNMNNAGDKWSAFLKEQSTLAQMYPLQEIQNLTVKLQLQALQ	False	False
STIEEMAKTFLKIFNHEAEDLFYQSSLASWNYNTNITEENVQNMNFAGNKWSAFLKEMSTLAQMYPLQEIQNLTVKLMLQALM	-13.951333999633787		STIEEQAKTMLFKFNHEAEDLFYQSSLASWNYNTNITEENVQNMNNAGDKWSAFLKEMSTLAQMYPLQEIQNLTVKLQLQALQ	template2.pdb	A	19	STIEEQAKTFLDKFNHEAEDLFYQSSLASWNYNTNITEENVQNMNNAGDKWSAFLKEQSTLAQMYPLQEIQNLTVKLQLQALQ	False	False
SDIEEQAKTFLDKFNHEAEDLFYQSSLAYWNYNTNITEENVQNMDNALDKWSAFLKEMSTLAQMYPLQEIQNLTVKLKLQALQ	-13.951332092285156		SDITEQAKTFLDKFNHKAEDLFYQSSYASWNYNTNITEENVQNMDNALDKWSAFLKEQSTLAQMYPLQEIQNLTVKLQLQALQ	template2.pdb	A	19	STIEEQAKTFLDKFNHEAEDLFYQSSLASWNYNTNITEENVQNMNNAGDKWSAFLKEQSTLAQMYPLQEIQNLTVKLQLQALQ	False	False
SNIEEKAKLFLDKFNHEAEDLFYQSLLAKWNFNTNITEENVQNMNNAGDKWSAFLKEQSTLAQMYPLQEIQNLTVKLQLMSLQ	-13.946333885192873		SNIEEQAKTFLDKFNHEAEDLFYQSSLASWNYNTNITEENVQNMNNAGDKWSAFLKEQSTLAQMYPLQEIQNLTVKLQLRALQ	template2.pdb	A	19	STIEEQAKTFLDKFNHEAEDLFYQSSLASWNYNTNITEENVQNMNNAGDKWSAFLKEQSTLAQMYPLQEIQNLTVKLQLQALQ	False	False
STIEEMAKWFLDKFNHMAEDLFYQSSLARWNYNTNITEENVQNMNNAIEKWSAFLKEMSTLAQMYPLQEIQNLTVKLQLQALQ	-14.048210144042969		STIEEQAKNFLDWFNHIAEDLFYQSSLASWNYNTNITEENVQNMNNAFDKWSAFLKEQSTLAQMYPLQEIQNLTVKLQLQALQ	template2.pdb	A	19	STIEEQAKTFLDKFNHEAEDLFYQSSLASWNYNTNITEENVQNMNNAGDKWSAFLKEQSTLAQMYPLQEIQNLTVKLQLQALQ	False	False
STIEEQAKTFLDKFNHEAEDLFYQSMLASWNYNTNITEENVQNMNLANEKWSLFLKFQSTLAQMYPLQEIQNLTVKLMLQALQ	-13.973783493041992		STIEEQAKTFLDKFNHEAEDLFYQSSLASWNYNTNITEENVQNMNNALDKWSAFLKFQSTLAQMYPLQEIQNMTVKLQLQALQ	template2.pdb	A	19	STIEEQAKTFLDKFNHEAEDLFYQSSLASWNYNTNITEENVQNMNNAGDKWSAFLKEQSTLAQMYPLQEIQNLTVKLQLQALQ	False	False
STIEEQAKTFLDKFNHEAEDLFYQSSLASWNYNTNITEENVQNMNNALDKWSAFLKFMSTLAQMYPLQEIQNLTVKLMLQALQ	-13.950834274291992		STIEEQAKTFLDKFNHEAEDLFYQSSLASWNYNTNITEENVQNMNNALDKWSAFLKFQSTLAQMYPLQEIQNMTVKLQLQALQ	template2.pdb	A	19	STIEEQAKTFLDKFNHEAEDLFYQSSLASWNYNTNITEENVQNMNNAGDKWSAFLKEQSTLAQMYPLQEIQNLTVKLQLQALQ	False	False
STIEEQAKTFLDKFNHEAEDLFYQSSLASWNYNTNITEENVQNMNRMGEKWKAFLKEMSTLAQMYPLQEIQNLYVKLQLQALQ	-13.948814392089844		STIEEQAKTFLDKFNHEAEDLFYQSSLASWNYNTNITEENVQNMNRAGDKWMAFLKEQSTLAQMYPLQEIQNLYVKLQLQALQ	template2.pdb	A	19	STIEEQAKTFLDKFNHEAEDLFYQSSLASWNYNTNITEENVQNMNNAGDKWSAFLKEQSTLAQMYPLQEIQNLTVKLQLQALQ	False	False
STIEEMAKTFLDKFNHEAEDLFYQSALSMWNYNTNITEENIQNMNNAGDKWKLFLMEQSTLAQMYPLQEIQNLTVKLQLQALQ	-13.947937965393066		STIEEQAKTFLDKFNHEAEDLFYQSSMASWNYNTNITEENVNNMNNAGDKWIAFLKEQSTLAQMYPLQEIQNLTVKLQLQALQ	template2.pdb	A	19	STIEEQAKTFLDKFNHEAEDLFYQSSLASWNYNTNITEENVQNMNNAGDKWSAFLKEQSTLAQMYPLQEIQNLTVKLQLQALQ	False	False
STIEEQAKYFLDKFNHEAEDLFYLSSLKAWNYNTNITEENLQNMNNAKEKWSAFLKEQKTLAQMYPLQEIQNLTVKLQLQALQ	-13.933653831481934		STIEEQAKTFLDYFNHEAEDLFYQSSLASWNYNTNITEENLQNMNNAKDKWSAFLKEQSTLAQMYPLQEIQNLTVKLQLQALQ	template2.pdb	A	19	STIEEQAKTFLDKFNHEAEDLFYQSSLASWNYNTNITEENVQNMNNAGDKWSAFLKEQSTLAQMYPLQEIQNLTVKLQLQALQ	False	False
STIEEQAKTFLEKFNHEAEDLFYQSSLASWNYNTNITEENVQNMNEALEKWSAFLKEMSTLAQMYPLQEIQNLIVKLQLQALQ	-14.005257606506348		STIEEQAKTFLDKFNHEAEDLFYQSSLASWNYNTNITEENVQNMNEALDKWSAFLKEQSTIAQMYPLQEIQNLTVKLQLQALQ	template2.pdb	A	19	STIEEQAKTFLDKFNHEAEDLFYQSSLASWNYNTNITEENVQNMNNAGDKWSAFLKEQSTLAQMYPLQEIQNLTVKLQLQALQ	False	False
STIEEMAKTFLDKFNHEAEDLFYQSMLASWNYNTNITEENVQNMNNANDKWSAFLQIQAKLAQMYPLREIQNLTVKLQLQALQ	-14.000624656677246		STIEEQAKTFLDKFNHEAEDLFYQSSLASWNYNTNITEENVQNMNNANDKWSAFLREQSTLAQMYPLQEIQNLTVKLQLQALQ	template2.pdb	A	19	STIEEQAKTFLDKFNHEAEDLFYQSSLASWNYNTNITEENVQNMNNAGDKWSAFLKEQSTLAQMYPLQEIQNLTVKLQLQALQ	False	False
STIEEMAKTFLEKFNHEAEDLFYQSLLASWKYNTNITEENVQNMNNARDKWSAFLKEMSTLAQMYPLQEIQNLTVKLMLQALQ	-13.998595237731934		STIEEQAKTFLDKFNHEAEDLFYQSSLASWNYNTNITEENVQNMNNARDKWSAFLKELSTLAQMYPLQEIQNLTVKLQLQALQ	template2.pdb	A	19	STIEEQAKTFLDKFNHEAEDLFYQSSLASWNYNTNITEENVQNMNNAGDKWSAFLKEQSTLAQMYPLQEIQNLTVKLQLQALQ	False	False
STIEEQAKTFLLKFNHEAEDLFYQSRLALWNYNTNITEENLQWMNNAGTKWSAFLKEQSTLAQMYPLKEIQNLTVKLQLQALQ	-13.984013557434082		STIEEQAKTFLLKFNHEAEDLFYQSSLASWNYNTNITEENVQNMNNAGDKWSAFLKEQSTLAQMYPLQEIQNLTVKWQLQALQ	template2.pdb	A	19	STIEEQAKTFLDKFNHEAEDLFYQSSLASWNYNTNITEENVQNMNNAGDKWSAFLKEQSTLAQMYPLQEIQNLTVKLQLQALQ	False	False
STIEERAKTFLDKFNHEAEDLFYQSKLASWNYNTNITEENVQNMNNALDKWSAFLKEMQTLAQMFPLQEIQNLMVKLQLQALR	-13.977020263671877		STIEERAKTFLDKFNHEAEDLFYQSSLASWNYNTNITEENVQSMNNANDKWSAFLKEQMTLAQMYPLQEIQNLSVKLQLQALQ	template2.pdb	A	19	STIEEQAKTFLDKFNHEAEDLFYQSSLASWNYNTNITEENVQNMNNAGDKWSAFLKEQSTLAQMYPLQEIQNLTVKLQLQALQ	False	False
STIEEQAKTFLDKFNHEAEDLFYQSLMASWRYNTNITEENVQNMNNALEKWSAFLKEQSTMAQMYPLQEIQNLTVKLQLQALQ	-13.970149040222168		STIEEQAKTFLDKFNHEAEDLFYQSSLASWRYNTNITEENVQNMNNAWDKWSAFLKEQSTHAQMYPLQEIQNLTVKLQLQALQ	template2.pdb	A	19	STIEEQAKTFLDKFNHEAEDLFYQSSLASWNYNTNITEENVQNMNNAGDKWSAFLKEQSTLAQMYPLQEIQNLTVKLQLQALQ	False	False
STIEELAKTFLDKFNHEAEDLFYQSSLLSWNYNTNITEENVQNMNNALEKWSAFLKEMSTLAQMYPLQEIQNLLVKLQLQALQ	-14.08244800567627		STIEELAKTFLDKFNHEAEDLFYQSSLASWNYNTNITEENVQNMNNALDKWSAFLKESSTLAQMYPLQEIQNLTVKLQLQALQ	template2.pdb	A	19	STIEEQAKTFLDKFNHEAEDLFYQSSLASWNYNTNITEENVQNMNNAGDKWSAFLKEQSTLAQMYPLQEIQNLTVKLQLQALQ	False	False
STIEEMAKTFLDKFNHEAEDLFYQSSLLSWNYNTNITEENVQNMNNALDKWSAFLKEMQTLAQMYPLQEIQSLTVKLQLQALQ	-13.990270614624023		STIMEQAKTFLDKFNHEAEDLFYQSSLDSWNYNTNITEENVQNMNNALDKWSAFLKEQSTLAQMYPLQEIQPLTVKLQLQALQ	template2.pdb	A	19	STIEEQAKTFLDKFNHEAEDLFYQSSLASWNYNTNITEENVQNMNNAGDKWSAFLKEQSTLAQMYPLQEIQNLTVKLQLQALQ	False	False
STIEEQAKYFLDKFNHEALDLFYQSLLAHWNYNTNITEENVQNMNNAGDKWEAFLKEMSTLAQMYPLQEIQNLRVKLQLQALQ	-13.9599609375		STIEEQAKTFLDKFNHEAEDLFYQSSLASWNYNTNITEENVQNMNNAGDKWLAFLKEQSTLAQMYPLQEIQNLRVKLQLQALQ	template2.pdb	A	19	STIEEQAKTFLDKFNHEAEDLFYQSSLASWNYNTNITEENVQNMNNAGDKWSAFLKEQSTLAQMYPLQEIQNLTVKLQLQALQ	False	False
STIEEMAKTFLDKFNHEAEDLFYQSKLALWNYNTNITEENMQNMNNAGDKWSAFLKEQSTLAQMYPLQEIQNLTVKLMLQALQ	-13.958429336547852		STIEEQAKTFLDKFNHEAEDLFYQSSKASWNYNTNITEENWQNMNNAGDKWSAFLKEQSTLAQMYPLQEIQNLTVKLMLQALQ	template2.pdb	A	19	STIEEQAKTFLDKFNHEAEDLFYQSSLASWNYNTNITEENVQNMNNAGDKWSAFLKEQSTLAQMYPLQEIQNLTVKLQLQALQ	False	False
STIEEMAKFFLDKFNHEAEDLFYQSLLASWNYNTNITEENVQNMNNLGDKWSAFLKEQSTLAQMYPLQEIQNLTVKLQLQMLR	-13.947410583496094		STIEEQAKFFLDKFNHEADDLFYQSSLASWNYNTNITEENVQNMNNAGDKWSAFLKEQSTLAQMYPLQEIQNLTVKLQLQMLQ	template2.pdb	A	19	STIEEQAKTFLDKFNHEAEDLFYQSSLASWNYNTNITEENVQNMNNAGDKWSAFLKEQSTLAQMYPLQEIQNLTVKLQLQALQ	False	False
STIEEQAKYFLDKFNHEAEDLFYQSLLASWNYNTNITEENVQNMNNAQDKWSAFLKEQATLAQMYPLQEIQNLMVKLQLQALR	-13.929338455200195		STIEEQAKTFLDKFNHEAEDLFYQSSLASWNYNTNITEENVQNMNNAQDKWSAFLKEQSTLAQMYPLQEIQNLRVKLQLQALQ	template2.pdb	A	19	STIEEQAKTFLDKFNHEAEDLFYQSSLASWNYNTNITEENVQNMNNAGDKWSAFLKEQSTLAQMYPLQEIQNLTVKLQLQALQ	False	False
STIEEQAKYFLEKFNHEAEDLFYQSSLASWNYNTNITEENVQNMNNAYDKWSAFLKEMSTLAQMYPLQEIQNLTVKLQLQALQ	-13.973008155822754		STIEEQAKYFLDKFNHEAEDLFYQSSLASWNYNTNITEENVQNMNNAFDKWSAFLKEQSTLAQMYPLQEIQNLTVKLQLQALQ	template2.pdb	A	19	STIEEQAKTFLDKFNHEAEDLFYQSSLASWNYNTNITEENVQNMNNAGDKWSAFLKEQSTLAQMYPLQEIQNLTVKLQLQALQ	False	False
STIEEQAKYFLEKFNHEAEDLFYQSSLASWNYNTNITEENVQNMNNAGDKWSAFLKEMSVLAQMYPLQEIQNLIVKLQLQALQ	-13.965296745300291		STIEEQAKTFLYKFNHEAEDLFYQSSLASWNYNTNITEENVQNMNNAGDKWSAFLKENSTLAQMYPLQEIQNLEVKLQLQALQ	template2.pdb	A	19	STIEEQAKTFLDKFNHEAEDLFYQSSLASWNYNTNITEENVQNMNNAGDKWSAFLKEQSTLAQMYPLQEIQNLTVKLQLQALQ	False	False
STIEEMAKTFLDKFNHEAEDLFYQSSLASWNYNTNITEENVQNMNLAKDKWSAFLKEMTTLAQMYPLQEIQNLMVKLQLQALQ	-14.004055976867676		STIEEQAKTFLDKFNHEAEDLFYQSSLASWNYNTNITEENVQNMNNAMDKWSAFLKEQSTLAQMYPLQEIQNLPVKLQLQALQ	template2.pdb	A	19	STIEEQAKTFLDKFNHEAEDLFYQSSLASWNYNTNITEENVQNMNNAGDKWSAFLKEQSTLAQMYPLQEIQNLTVKLQLQALQ	False	False
STLEEMAKTFLDKFNHEAEDLFYQSLLASWNYNTNITEENVQNMNQALDKWNAFLKEQSTLAQMYPLQEIQNLTVKLMLQALQ	-13.963120460510254		STIEEQAKTFLDKFNHEAEDLFYQSSLASWNYNTNITEENVQNMNHALDKWSAFLKEQSTLAQMYPLQEIQNLTVKLQLQALQ	template2.pdb	A	19	STIEEQAKTFLDKFNHEAEDLFYQSSLASWNYNTNITEENVQNMNNAGDKWSAFLKEQSTLAQMYPLQEIQNLTVKLQLQALQ	False	False
STIEEMAKTFLEKFNHEAEDLFYQSLLASWNYNTNITEENVQNMNNALDKWSAFLKEQSTMAQMYPLQEIQNLTVKLQLQALQ	-13.960354804992676		STIEEQAKTFLDKFNHEAEDLFYQSSLASWNYNTNITEENVQNMNNALDKWSAFLKEQSTRAQMYPLQEIQNLTVKLQLQALQ	template2.pdb	A	19	STIEEQAKTFLDKFNHEAEDLFYQSSLASWNYNTNITEENVQNMNNAGDKWSAFLKEQSTLAQMYPLQEIQNLTVKLQLQALQ	False	False
STIEEMAKTFLDKFNHEAEDLFYQSSLASWNYNTNITEENIQNMNLAYTKWSMFLKEMSTLAQMYPLQEIQNLTVKLMLQALQ	-14.019234657287598		STIEEAAKTFLDKFNHEAEDLIYQSSLASWNYNTNITEENVQNMNNAMDKWSAFLKEQSTLAQMYPLQEIQNLTVKLQLQALQ	template2.pdb	A	19	STIEEQAKTFLDKFNHEAEDLFYQSSLASWNYNTNITEENVQNMNNAGDKWSAFLKEQSTLAQMYPLQEIQNLTVKLQLQALQ	False	False
STIEEQAKEFLDKFNHEAEDLFYQSSLASWNYNTNITEENLQNMNQALEKWSAFLKEMSTLAQMYPLQEIQNLTVKLQLQALQ	-13.97092056274414		STIEEQAKEFLDKFNHEAEDLFYQSSLASWNYNTNITEENVQNMNNALDKWSAFLKEQSTLAQMYPLQEIQNLTVKLQLQALQ	template2.pdb	A	19	STIEEQAKTFLDKFNHEAEDLFYQSSLASWNYNTNITEENVQNMNNAGDKWSAFLKEQSTLAQMYPLQEIQNLTVKLQLQALQ	False	False
STIEEQAKTFLDKFNHEAEDLFYQSSLASWNYNTNITEENIQNMNNAWEKWSAFLKEMATLAQMYPLQEIQNLIVKLQLQALQ	-13.967717170715332		STIEEQAKTFLDKFNHEAEDLFYQSSLASWNYNTNITEENVQNMNNAWDKWSAFLKEASTLAQMYPLQEIQNLFVKLQLQALQ	template2.pdb	A	19	STIEEQAKTFLDKFNHEAEDLFYQSSLASWNYNTNITEENVQNMNNAGDKWSAFLKEQSTLAQMYPLQEIQNLTVKLQLQALQ	False	False
STIEEQAKYFLDKFNHEAEDLFYQSLLKAWNYNTNITEENVQNMNNAYDKWSAFLKEQSKLAQMYPLKEIQNLTVKLQLQALQ	-13.975625038146973		STIEEQAKYFLDKFNHEAEDLFYYSSLASWNYNTNITEENVQNMNNAHDKWSAFLKEQSKLAQMYPLVEIQNLTVKLQLQALQ	template2.pdb	A	19	STIEEQAKTFLDKFNHEAEDLFYQSSLASWNYNTNITEENVQNMNNAGDKWSAFLKEQSTLAQMYPLQEIQNLTVKLQLQALQ	False	False
STIEEQAKTFLEKFNHEAEDLFYQSSLARWNYNTNITEENVQNMNQALDKWSKFLKEKSTMAQMYPLQEIQNLTVKLQLQALQ	-13.945765495300291		STIEEQAKTFLDKFNHEAEDLFYQSSLASWNYNTNITEENVQNMNNARDKWSAFLKEQSTYAQMYPLQEIQNLTVKLQLQALQ	template2.pdb	A	19	STIEEQAKTFLDKFNHEAEDLFYQSSLASWNYNTNITEENVQNMNNAGDKWSAFLKEQSTLAQMYPLQEIQNLTVKLQLQALQ	False	False
STIEEQAKTFLDKFNHEAEDLFYQSSLASWNYNTNITEENVQNMNNALEKWSLFLKEMSTLAQMYPLQEIQNLTVKLQLQALM	-14.021894454956056		STIEEQAKTFLDKFNHEAEDLFYQSSLASWNYNTNITEENVQNMNNALSKWSLFLKEQSTLAQMYPLQEIQNLTVKLQLQALM	template2.pdb	A	19	STIEEQAKTFLDKFNHEAEDLFYQSSLASWNYNTNITEENVQNMNNAGDKWSAFLKEQSTLAQMYPLQEIQNLTVKLQLQALQ	False	False
STLEEMAKTFLLKFNHEAEDLFYQSSLMNWNYNTNITEENVQNMNNAGDKWSAFLKEQSTLAQMYPLQEIQNLFVKLQLQALQ	-13.95822525024414		STIEEQAKTFLMKFNHEAEDLFYQSSLNSWNYNTNITEENVQNMNNAGDKWSAFLKEQSTLAQMYPLQEIQNLDVKLQLQALQ	template2.pdb	A	19	STIEEQAKTFLDKFNHEAEDLFYQSSLASWNYNTNITEENVQNMNNAGDKWSAFLKEQSTLAQMYPLQEIQNLTVKLQLQALQ	False	False
STIEEQAKTFLDKFNHEAEDLFYQSTLASWNYNTNITEENIQNMNNAMEKWSAFLKKMSTLAQMYPLQEIQNLMVKLQLQALQ	-13.937352180480955		STIEEQAKTFLDFFNHEAEDLFYQSSLASWNYNTNITEENDQNMNNAMKKWSAFLKEQSTLAQMYPLQEIQNLTVKLQLQALQ	template2.pdb	A	19	STIEEQAKTFLDKFNHEAEDLFYQSSLASWNYNTNITEENVQNMNNAGDKWSAFLKEQSTLAQMYPLQEIQNLTVKLQLQALQ	False	False
STIEEKAKTFLEKFNHEAEDLFYQSSLARWNYNTNITEENIQNMNEAGNKWSAFLKEQSTLAQMYPLQEIQNLIVKLQLQALM	-13.929485321044922		STIEEQAKTFLDKFNHEAEDLFYQSSLASWNYNTNITEENVQNMNNAGDKWSAFLKEQSTLAQMYPLQEIQNLIVKLQLQALM	template2.pdb	A	19	STIEEQAKTFLDKFNHEAEDLFYQSSLASWNYNTNITEENVQNMNNAGDKWSAFLKEQSTLAQMYPLQEIQNLTVKLQLQALQ	False	False
STIEEMAKEFLLKFNHEAEDLFYQMSLASWNYNTNITEENIQNMNNAGDKWSAFLKELSTLAQMYPLQEIQNLILKLQLQALQ	-13.933395385742188		STIEEQAKTFLDKFNHEAEDLFYQMSLASWNYNTNITEENVQNMNNAGDKWSAFLKENSTLAQMYPLQEIQNLLVKLQLQALQ	template2.pdb	A	19	STIEEQAKTFLDKFNHEAEDLFYQSSLASWNYNTNITEENVQNMNNAGDKWSAFLKEQSTLAQMYPLQEIQNLTVKLQLQALQ	False	False
STIEELAKTFLLKFNHEAEDLFYQSLLAGWNYNTNITEENIQNMNNAGEKWSAFLKEMSTLAQMYPLQEIQNLIVKLQLQALQ	-13.929807662963867		STIEEQAKTFLLKFNHEAEDLFYQSSLASWNYNTNITEENVQNMNNAGDKWSAFLNEISTLAQMYPLQEIQNLGVKLQLQALQ	template2.pdb	A	19	STIEEQAKTFLDKFNHEAEDLFYQSSLASWNYNTNITEENVQNMNNAGDKWSAFLKEQSTLAQMYPLQEIQNLTVKLQLQALQ	False	False
STIEEQAKTFLDKFNHEAEDLFYQSSLAKWNYNTNITEENVQNMNNAGDKWLAFMKEMSTLAQMYPLQEIQNLMVKLQLQALQ	-13.94581127166748		STIEEQAKTFLDKFNHEAEDLFYQSSLASWNYNTNITEENVQNMNNAGDKWMAFLKEQSTLAQMYPLQEIQNLMVKLQLQALQ	template2.pdb	A	19	STIEEQAKTFLDKFNHEAEDLFYQSSLASWNYNTNITEENVQNMNNAGDKWSAFLKEQSTLAQMYPLQEIQNLTVKLQLQALQ	False	False
STIEEKAKLFLDKFNHEAEDLFYQSLLASWNYNTNITEENVQNMNNAGDKWSAFLKEMSTLAQMYPLQEIQNLTVKLQLQFLK	-13.942601203918455		STIEEQAKTFLDKFNHEAEDLFYQSSLASWNYNTNITEENVQNMNNAGDKWSAFLKERSTLAQMYPLQEIQNLTVKLQLQFLQ	template2.pdb	A	19	STIEEQAKTFLDKFNHEAEDLFYQSSLASWNYNTNITEENVQNMNNAGDKWSAFLKEQSTLAQMYPLQEIQNLTVKLQLQALQ	False	False
STIEELAKTFLDKFNHEAEDLFYQSSLAKWNYNTNITEENVQNMNNALDKWSAFLKEMSTLAQMYPLQEIQNLTVKLQLQQLL	-13.93689250946045		STIEEQAKTFLDKFNHEAEDLFYQSSLASWNYNTNITEENVQNMNNALDKWSAFLKEQSTLAQMYPLQEIQNLTVKLQLQKLQ	template2.pdb	A	19	STIEEQAKTFLDKFNHEAEDLFYQSSLASWNYNTNITEENVQNMNNAGDKWSAFLKEQSTLAQMYPLQEIQNLTVKLQLQALQ	False	False
STIEEMAKFFLLKFNHEAEDLFYQKSLASWNYNTNITEENVQNMNNAMDKWSAFLKAQSTLAQMYPLQEIQNLTVKLQLMALQ	-13.933988571166992		STIEEQAKFFLDKFNHEAEDLFYQSSLASWNYNTNITEENVQNMNNAMDKWSAFLKEQSTLAQAYPLQEIQNLTVKLQLVALQ	template2.pdb	A	19	STIEEQAKTFLDKFNHEAEDLFYQSSLASWNYNTNITEENVQNMNNAGDKWSAFLKEQSTLAQMYPLQEIQNLTVKLQLQALQ	False	False
STLEEQAKYFLDKFNHEAEDLFYQYSLASWNYNTNITEENVQNMNNMGDKWSAFLKEQSTLAQMYPLQEIQNLMVKLQLQALL	-13.926188468933104		STIEEQAKTFLDKFNHEAEDLFYQYSLASWNYNTNITEENVQNMNNYGDKWSAFLKEQSTLAQMYPLQEIQNLMVKLQLQALQ	template2.pdb	A	19	STIEEQAKTFLDKFNHEAEDLFYQSSLASWNYNTNITEENVQNMNNAGDKWSAFLKEQSTLAQMYPLQEIQNLTVKLQLQALQ	False	False
STIEEKAKEFLDKFNHEAEDLFYQSLLAKWNYNTNITEENVQNMNNAYDKWSAFLKEMSYLAQMYPLQEIQNLTVKLMLQALQ	-13.919991493225098		STIEEQAKTFLDKFNHEAEDLFYQSSLASWNYNTNITEENVQNMNNAYDKWSAFLKEMSLLAQMYPLQEIQNLTVKLQLQALQ	template2.pdb	A	19	STIEEQAKTFLDKFNHEAEDLFYQSSLASWNYNTNITEENVQNMNNAGDKWSAFLKEQSTLAQMYPLQEIQNLTVKLQLQALQ	False	False
STIEEQAKYFLDKFNHEAEDLFYQKSLASWNYNTNITEENVQNMNKAGDKWYAFLKQMSILAQMYPLQEIQNLTVKLQLQALQ	-13.917290687561035		STIEEQAKTFLDKFNHEAEDLFYQSSLASWNYNTNITEENVQNMNKAGDKWYAFLKEQSTLAQMYPLQEIQNLTVKLQLQALQ	template2.pdb	A	19	STIEEQAKTFLDKFNHEAEDLFYQSSLASWNYNTNITEENVQNMNNAGDKWSAFLKEQSTLAQMYPLQEIQNLTVKLQLQALQ	False	False
STIEEMAKTFLDKFNHEAEDLFYQSSLASWNYNTNITEENVQNMNNANDKWSAFLKEMSTLAQMYPLAEIQNLKVKLQLQALK	-13.936599731445312		STIEEQAKTFLDKFNHEAEDLFYQSSLASWNYNTNITEENVQNMNNANDKWSAFLKEQSTLAQMYPLQEIQNLTVKLQLKALQ	template2.pdb	A	19	STIEEQAKTFLDKFNHEAEDLFYQSSLASWNYNTNITEENVQNMNNAGDKWSAFLKEQSTLAQMYPLQEIQNLTVKLQLQALQ	False	False
STIEEQAKEFLDKFNHEAEDLFYQSLLASWNYNTNITEENVQNMNNALSKWLAFLKEQSTLAQMYPLQEIQNLTVKLQLQALM	-13.92313003540039		STIEEQAKTFLDKFNHEAEDLFYQSSLASWNYNTNITEENVQNMNNALDKWSAFLKEQSTLAQMYPLQEIQNLTVKLQMQALQ	template2.pdb	A	19	STIEEQAKTFLDKFNHEAEDLFYQSSLASWNYNTNITEENVQNMNNAGDKWSAFLKEQSTLAQMYPLQEIQNLTVKLQLQALQ	False	False
STIEEEAKIFLMKFNHEAEDLFYQMSLKAWMYNTNITEENVQNMNNAGDKWSAFLKEQSTLAQMYPLQEIQNLTVKLQLQALQ	-13.912032127380373		STIEEQAKTFLIKFNHEAEDLFYQSSLMSWNYNTNITEENVQNMNNAGDKWSAFLKEQSTLAQMYPLQEIQNLTVKLQLQALQ	template2.pdb	A	19	STIEEQAKTFLDKFNHEAEDLFYQSSLASWNYNTNITEENVQNMNNAGDKWSAFLKEQSTLAQMYPLQEIQNLTVKLQLQALQ	False	False
STIEEQAKTFLDKFNHEAEDLFYQSSLLAWNYNTNITEENVQNMNNALEKWSAFLKEMSTLAQMYPLQEIQNLTVKLQLQALQ	-13.906172752380373		ATIEEQAKTFLDKFNHEAEDLFYQSSLASWRYNTNITEENVQNMNNALIKWSAFLKEQSTLAQMYPPQEIQNLTVKLQLQALQ	template2.pdb	A	19	STIEEQAKTFLDKFNHEAEDLFYQSSLASWNYNTNITEENVQNMNNAGDKWSAFLKEQSTLAQMYPLQEIQNLTVKLQLQALQ	False	False
